{
    "fedavg": [
        0.4148000031709671,
        0.5023000001907348,
        0.5542999982833863,
        0.5823000013828278,
        0.6065000057220459,
        0.6122999966144562,
        0.6407000064849854,
        0.6424000024795532,
        0.6617999970912933,
        0.6740999937057495,
        0.6738999962806702,
        0.6814999997615814,
        0.6881999969482422,
        0.6883000075817108,
        0.7039999961853027,
        0.7014999926090241,
        0.7059999942779541,
        0.7194999873638153,
        0.7120999932289124
    ],
    "performance_based": [
        0.43109999895095824,
        0.48030000030994413,
        0.5441000044345856,
        0.5694000065326691,
        0.5947999954223633,
        0.6149999976158143,
        0.6286999940872192,
        0.6439999997615814,
        0.6476999938488006,
        0.6509999990463257,
        0.6561000108718872,
        0.6676999986171722,
        0.6800999939441681,
        0.6867000102996826,
        0.6991999983787537,
        0.689599996805191,
        0.7017999947071075,
        0.7049000084400177,
        0.6908999919891358
    ]
}