{
    "fedavg": [
        0.18534861877560616,
        0.3445037081837654,
        0.37427863230307895,
        0.4168064047892888,
        0.37856051822503406,
        0.44895116488138836,
        0.5019314338763555,
        0.49419352908929187,
        0.46364253759384155,
        0.48813796043395996
    ],
    "performance_based": [
        0.18603853285312652,
        0.39437205493450167,
        0.34286783933639525,
        0.41721805930137634,
        0.40113579481840134,
        0.4022162720561028,
        0.48244640827178953,
        0.49991255104541776,
        0.46444865465164187,
        0.5225606977939605
    ],
    "config": {
        "clients_per_round": 2,
        "num_rounds": 10
    }
}