{
    "fedavg": [
        0.31694797178109485,
        0.369804285466671,
        0.5242565522591273,
        0.5374895532925924,
        0.5060834288597107,
        0.5403332710266113,
        0.545315682888031,
        0.5880175828933716,
        0.5966891944408417,
        0.6189708660046259
    ],
    "performance_based": [
        0.3013500511646271,
        0.4409932106733322,
        0.4721031576395035,
        0.5274148195981979,
        0.5598697096109391,
        0.5555774629116058,
        0.5975504010915756,
        0.5958862245082855,
        0.6060176968574524,
        0.6153639733791352
    ],
    "config": {
        "clients_per_round": 8,
        "num_rounds": 10
    }
}