{
    "fedavg": [
        0.40740000307559965,
        0.4847000002861023,
        0.5198000103235245,
        0.5528999924659729,
        0.5642999947071076,
        0.590200001001358,
        0.6074000060558319,
        0.6188000023365021,
        0.6319000065326691
    ],
    "performance_based": [
        0.4127000004053116,
        0.45140000283718107,
        0.49500000178813935,
        0.5178000032901764,
        0.5262000024318695,
        0.5492000043392181,
        0.5755999982357025,
        0.6006999969482422,
        0.5994999885559082
    ]
}