{
    "fedavg": [
        0.3568989982207616,
        0.4196465015411377,
        0.5210559368133545,
        0.4959842910369237,
        0.5536944270133972,
        0.48650506635506946,
        0.5216836978991827,
        0.5856446325778961,
        0.6003954609235128,
        0.5553435981273651
    ],
    "performance_based": [
        0.3331304952502251,
        0.39149920642375946,
        0.48112005889415743,
        0.5197467654943466,
        0.5288838177919388,
        0.5582762748003006,
        0.5765837490558624,
        0.5958208978176117,
        0.5729809641838074,
        0.6036404848098755
    ],
    "config": {
        "clients_per_round": 6,
        "num_rounds": 10
    }
}