{
    "fedavg": [
        0.16144939636190733,
        0.42250992357730865,
        0.48451795677344006,
        0.5380628108978271,
        0.5197302500406901,
        0.4772605051596959,
        0.5608094980319341,
        0.536090130607287,
        0.5604628771543503,
        0.6201381584008535
    ],
    "performance_based": [
        0.2373025245964527,
        0.3124044515192509,
        0.4339214414358139,
        0.4560777634382248,
        0.46108231842517855,
        0.5530040591955185,
        0.47007972598075864,
        0.5262214541435242,
        0.580185467004776,
        0.5271743059158325
    ],
    "config": {
        "clients_per_round": 4,
        "num_rounds": 10
    }
}